headerImage,Sum of upVotes
https://assets.tryhackme.com/img/banners/default_tryhackme.png,57538
/img/banners/default_tryhackme.png,32108
https://assets.tryhackme.com/room-banners/intro-to-offensive-security.png,25718
https://tryhackme.com/img/banners/default_tryhackme.png,22670
https://assets.tryhackme.com/room-banners/linuxfund.png,18778
https://tryhackme-images.s3.amazonaws.com/user-uploads/5efe36fb68daf465530ca761/room-content/03376575e888fd097280c51469c29fbc.png,14183
https://assets.tryhackme.com/room-banners/nmap.png,13520
https://assets.tryhackme.com/room-banners/networking.png,13250
https://assets.tryhackme.com/room-banners/netsecmodule.png,12116
https://i.imgur.com/QaCai7k.jpg,12055
https://assets.tryhackme.com/room-banners/pentesting.png,11224
https://assets.tryhackme.com/room-banners/burpsuite.svg,10890
https://tryhackme-images.s3.amazonaws.com/user-uploads/62c435d1f4d84a005f5df811/room-content/f54f3b9acec93f9cdbf2f1811dff1e70.png,9503
https://assets.tryhackme.com/room-banners/aoc2022.png,9312
https://assets.tryhackme.com/room-banners/windows.png,8710
https://i.imgur.com/sP6d0iZ.png,8239
https://assets.tryhackme.com/room-banners/aoc2021.png,8194
https://i.imgur.com/JFYfwL8.png,7196
https://tryhackme-images.s3.amazonaws.com/user-uploads/5de96d9ca744773ea7ef8c00/room-content/fb870f148ec59025ce152964b8260af3.png,6814
https://assets.tryhackme.com/room-banners/metasploit.png,6789
https://i.imgur.com/moMbBki.png,6640
https://assets.tryhackme.com/room-banners/adventofcyber.png,6613
https://assets.tryhackme.com/room-banners/intro-to-defensive-security.png,6345
https://i.imgur.com/GosxHyQ.jpg,6229
https://tryhackme-images.s3.amazonaws.com/user-uploads/5e73cca6ec4fcf1309f2df86/room-content/6cb23ff9b40ce86c6b61c485e66621bb.png,5153
https://i.imgur.com/BkKtAkO.png,5103
https://i.imgur.com/dmxXqgO.png,4971
https://i.imgur.com/zWNY3JF.png,4512
https://assets.tryhackme.com/room-banners/networkservices2.png,4242
https://assets.tryhackme.com/additional/pyramidofpain/updated/banner.png,4152
https://i.imgur.com/9YpAbRk.png,4063
https://assets.tryhackme.com/additional/vulnerability-module/bug-banner.png,3970
https://i.imgur.com/Bo6jUIK.png,3769
https://i.imgur.com/luHbdDF.png,3764
https://i.imgur.com/RuMC2vG.png,3408
https://assets.tryhackme.com/additional/banners/Cyber%20Defence%20Frameworks%20icon%20and%20banner-02.svg,3268
https://tryhackme-images.s3.amazonaws.com/user-uploads/62c435d1f4d84a005f5df811/room-content/a62b45e7c5c103c14c04aa8152c91624.png,3265
https://i.imgur.com/kzeMRHz.png,3188
https://tryhackme-images.s3.amazonaws.com/user-uploads/62c435d1f4d84a005f5df811/room-content/57a07431ad7464782b0c4cf100368d0c.png,3164
https://assets.tryhackme.com/room-banners/introtoshells.png,3115
https://i.imgur.com/Z8zgznd.png,3087
https://i.imgur.com/JaX5W2u.png,2980
https://assets.tryhackme.com/room-banners/crypto.png,2968
https://i.imgur.com/P1nJjnp.png,2888
https://assets.tryhackme.com/room-banners/johntheripper.png,2798
https://i.imgur.com/rCDF5u6.png,2751
https://i.imgur.com/Uo9F3uE.jpg,2726
https://assets.tryhackme.com/room-banners/intro-to-cyber.png,2722
https://assets.tryhackme.com/room-banners/privesc.png,2623
https://i.imgur.com/wVEQ3Fe.png,2559
https://i.imgur.com/D3pINJ3.png,2398
https://i.imgur.com/qopFZj9.jpg,2367
https://i.imgur.com/6Ijftag.png,2316
(blank),2284
https://tryhackme-images.s3.amazonaws.com/user-uploads/5e73cca6ec4fcf1309f2df86/room-content/461db271e310812a73d4a96abd2dc9eb.png,2025
https://assets.tryhackme.com/additional/banners/Open%20CTI%20banner.png,2019
https://assets.tryhackme.com/room-banners/common-attacks.png,2012
https://tryhackme-images.s3.amazonaws.com/user-uploads/62c435d1f4d84a005f5df811/room-content/07dbc3d30ed9fe203980fa15046d29eb.png,1960
https://tryhackme-images.s3.amazonaws.com/user-uploads/5dbea226085ab6182a2ee0f7/room-content/7b468ae3dec7a865e0b9f515ae176ad9.png,1831
https://tryhackme-images.s3.amazonaws.com/user-uploads/6131132af49360005df01ae3/room-content/10f7d168ab59410ddc28a4b1e89fd6d4.png,1830
https://tryhackme-images.s3.amazonaws.com/user-uploads/62c435d1f4d84a005f5df811/room-content/cb4b2246fb5ede709a4630dce9fc6d88.png,1805
https://tryhackme-images.s3.amazonaws.com/user-uploads/5f04259cf9bf5b57aed2c476/room-content/889794a57c33230c3bec352963d1d7a5.png,1803
https://tryhackme-images.s3.amazonaws.com/user-uploads/5e8dd9a4a45e18443162feab/room-content/a95f687a872a202a7db630a790b8a45f.png,1577
https://i.imgur.com/aSCFaI4.png,1549
https://i.imgur.com/qoNRfhD.png,1543
https://i.imgur.com/q9N2UUs.png,1496
https://i.imgur.com/5pWQzP0.png,1471
https://i.imgur.com/mtrLoXe.png,1466
https://assets.tryhackme.com/additional/goE7bn7.png,1428
https://tryhackme-images.s3.amazonaws.com/user-uploads/5ed5961c6276df568891c3ea/room-content/3de813de08870491b232d4fe5b4542f5.png,1397
https://i.imgur.com/H98yNCQ.png,1397
https://assets.tryhackme.com/additional/banners/WEB%20BANNER.png,1373
https://i.imgur.com/dndjk3g.jpg,1357
https://i.imgur.com/j83SrGu.png,1289
https://assets.tryhackme.com/additional/yara/updated/banner.png,1257
https://i.imgur.com/hJToewe.png,1229
https://i.imgur.com/o37B2mV.png,1227
https://tryhackme-images.s3.amazonaws.com/user-uploads/62c435d1f4d84a005f5df811/room-content/71089b73a13ae82ecbb7e5af8bc42c9f.png,1201
https://i.imgur.com/KHhJB15.png,1111
https://i.imgur.com/nSkIlFr.png,1109
https://i.imgur.com/Ik46pbb.png,1098
https://i.imgur.com/Ln8tSMc.png,1050
https://assets.tryhackme.com/additional/banners/Cyber Defence Frameworks icon and banner-02.svg,1037
https://i.imgur.com/SA9HaZ6.png,1036
https://assets.tryhackme.com/additional/containerisation-module/Containerisation banner-01-01.png,1025
https://i.imgur.com/S85p0V3.png,1017
https://i.imgur.com/UTIfxhR.png,1017
https://i.imgur.com/aTN1U0i.jpg,1001
https://i.imgur.com/MbNgkRQ.png,993
https://tryhackme-images.s3.amazonaws.com/user-uploads/62c435d1f4d84a005f5df811/room-content/6cf8a155f421faf3a1fa66af4c12e56b.png,981
https://i.imgur.com/2dmv1BY.png,959
https://i.ibb.co/Tvjg7t9/banner.png,955
https://i.imgur.com/im5uCUI.png,928
https://tryhackme-images.s3.amazonaws.com/user-uploads/5f04259cf9bf5b57aed2c476/room-content/6f1d1455dc7e285d71fe4dffb41446cd.png,923
https://i.imgur.com/gq8tre5.png,908
https://i.imgur.com/9fgqk1f.png,891
https://assets.tryhackme.com/room-banners/tickets1.png,853
https://i.imgur.com/HPOyNmZ.png,848
https://i.imgur.com/rT335UA.png,835
https://i.imgur.com/Px3ecQ6.png,834
https://i.imgur.com/ip1yvzT.png,804
https://assets.tryhackme.com/room-banners/spaceman-explosion.png,803
https://i.imgur.com/RDzWHJI.png,792
https://assets.tryhackme.com/additional/banners/powershell.png,791
https://i.imgur.com/zLgun6r.png,789
https://tryhackme-images.s3.amazonaws.com/user-uploads/62c435d1f4d84a005f5df811/room-content/bf86c057f58b26f95802c5499c18ae2a.png,780
https://assets.tryhackme.com/room-banners/introductiontodevsecops.jpg,764
https://tryhackme-images.s3.amazonaws.com/user-uploads/5f04259cf9bf5b57aed2c476/room-content/701fe785951a8e91523d337ba815120e.png,758
https://i.imgur.com/KZSwhD5.png,750
https://assets.tryhackme.com/room-banners/attacking-ad.png,750
https://assets.tryhackme.com/room-banners/generic_code.png,747
https://assets.tryhackme.com/room-banners/openvas.png,741
https://assets.tryhackme.com/room-banners/red-team-tickets3.png,711
https://assets.tryhackme.com/room-banners/python.png,693
https://tryhackme-images.s3.amazonaws.com/user-uploads/5ed5961c6276df568891c3ea/room-content/790b5bc214f0a2223074c2c69a71e908.png,681
https://assets.tryhackme.com/room-banners/zerologon.png,671
https://i.pinimg.com/originals/00/18/34/0018349c60f70fcc30bb40eecafe4d8c.jpg,663
https://tryhackme-images.s3.amazonaws.com/user-uploads/62c435d1f4d84a005f5df811/room-content/43708203c642f258f7c78e1a706e4d0f.png,653
https://i.imgur.com/Ym7mnEm.png,651
https://i.imgur.com/lCvqxKK.png,634
https://i.imgur.com/J1ik7ZU.png,617
https://tryhackme-images.s3.amazonaws.com/user-uploads/5f04259cf9bf5b57aed2c476/room-content/2c13a5f75ac2756a856f176aa2054ab7.png,615
https://i.imgur.com/V9AE3D0.png,607
https://tryhackme-images.s3.amazonaws.com/user-uploads/5eff6381a8b8f6323ba744fe/room-content/5513a10a6a8857d709d5f4dc134205a1.jpg,606
https://i.imgur.com/RlXUj5V.jpg,606
https://tryhackme-images.s3.amazonaws.com/user-uploads/62c435d1f4d84a005f5df811/room-content/852511abe0c7c201fe549b1ffa3fade4.png,605
https://images.unsplash.com/photo-1497366754035-f200968a6e72?ixid=MXwxMjA3fDB8MHxwaG90by1wYWdlfHx8fGVufDB8fHw%3D&ixlib=rb-1.2.1&auto=format&fit=crop&w=1350&q=80,592
https://assets.tryhackme.com/additional/banners/Unified Kill Chain Room-04.png,591
https://tryhackme-images.s3.amazonaws.com/user-uploads/5e73cca6ec4fcf1309f2df86/room-content/38bcf4a18418e9e3e5330e7a7d869e96.png,589
https://assets.tryhackme.com/additional/peheaders/dissecting_pe_headers.png,580
https://media.discordapp.net/attachments/937050619674492980/939892264002535444/cert_service.jpg?width=1900&height=300,569
https://i.imgur.com/egCv6YT.png,563
https://assets.tryhackme.com/additional/banners/Endpoint%20Security%20Monitoring%20banner-01.png,563
https://tryhackme-images.s3.amazonaws.com/user-uploads/62c435d1f4d84a005f5df811/room-content/f34a93c1ae515ca50469bfd861a781f4.png,551
https://assets.tryhackme.com/room-banners/hololive.png,550
https://assets.tryhackme.com/room-banners/marketplace.png,546
https://assets.tryhackme.com/room-banners/pwnkit-bg.png,538
https://i.imgur.com/8PyYQEz.png,536
https://assets.tryhackme.com/additional/banners/webenumeration-banner.png,530
https://assets.tryhackme.com/additional/autopsy/autopsy-room-banner2.png,530
https://tryhackme-images.s3.amazonaws.com/user-uploads/5e8dd9a4a45e18443162feab/room-content/d43ff804dd897ce1b7394eb387e59302.png,521
https://i.imgur.com/2O70ow2.png,517
https://i.imgur.com/Lw4QXO1.jpg,515
https://assets.tryhackme.com/additional/splunk-overview/splunk2-room-banner.png,507
https://assets.tryhackme.com/additional/dirtypipe/banner.png,505
https://i.imgur.com/qKNh2vA.png,502
https://assets.tryhackme.com/room-banners/sigma.png,501
https://i.imgur.com/xP2N1i5.png,497
https://assets.muirlandoracle.co.uk/thm/rooms/sudovulnssamedit/55732d603cf0.png,497
https://i.imgur.com/rqwhSuo.png,496
https://tryhackme-images.s3.amazonaws.com/user-uploads/6131132af49360005df01ae3/room-content/c2cc6be2c76d68126e72ee7a03779ea5.png,495
https://i.imgur.com/52GtMD0.png,485
https://user-images.githubusercontent.com/20302208/70022749-1ad2b080-154a-11ea-9d8c-1b42632fd9f9.jpg,483
https://lh3.googleusercontent.com/fife/AAWUweXoOnrHJUw8OzY-RhVIfNPjcqcIQBRE5HFe8lPvGYoqjAqppyExVufesL5OO9nsw1gok0r0oLYpO4kDNv2hOjJLPOzoJ9KhIU-jfOXGM-Q0qa7imhEqTX5yNpK2cJ6BRwphx2VSOxTrMzsv5jFmxkA_XdtZioSBUPxpAbSG0EzD3XT6Gzk10l8AGscOevb7OOqX-Sp2J-xu5RctrEWpyM3suLK2Uu8bIFPnGbVHuM6Z1zOZ7ib6CggPoWFAqJmaPFLp-nId9_T9L0DDdq1D7pAUoLppk3n1z0clq4VUoIuZetd2x5aVvC9r63s7kLX5KGs6hNKTscng1KfzhwttU80CGRR_QmMqoUxzcxFXF3-ExsOrC2oDoqvhuEM-ntHpUKzMJRqIQm0FX1FhCxpwfaKyJVBZxnVwE8M8cbLM5MbIdy-dN4LVRN99_TeDTnjxZpGhnTnYECAP8u_4xKn02hOHOAraqX7cTom6D6CUeoNE-14yFXHOF9pVzq4Pz-6NxNZr0bPFiM5149cEc-0CAS4EBQPVIewgPIhYSyZksAM48uBmZe-o-ZW51EnnNThs18dLgKeu23ggPj8Yg_BVx0g3EfAhIyHTSOAH0Hv24NEiUpzLVX--d-yPfFQDJhrEtxV8l8ViK53jCLXiIy5SajyI7vwilbpSlAKG31_N0tmBmTt_3K1f4at7VZaMZFgZPi9j-TItzKUdMYdMpTXL5aZ4bvCbIH7JFnI=w2880-h1426-ft,483
https://assets.tryhackme.com/additional/banners/SOC - Endpoint Security Monitoring banner.png,479
https://i.imgur.com/Xt399L6.png,474
https://images.unsplash.com/photo-1510127034890-ba27508e9f1c?ixlib=rb-1.2.1&ixid=MnwxMjA3fDB8MHxwaG90by1wYWdlfHx8fGVufDB8fHx8&auto=format&fit=crop&w=1470&q=80,468
https://ctfresources.s3.eu-west-2.amazonaws.com/bannerhq.png,464
https://i.imgur.com/HNs4Vov.png,462
https://i.imgur.com/ox5xvwR.png,461
https://i.imgur.com/qnV5dJQ.png,452
https://i.imgur.com/v4nKoOE.png,451
https://images.unsplash.com/photo-1569235186275-626cb53b83ce?ixid=MnwxMjA3fDB8MHxwaG90by1wYWdlfHx8fGVufDB8fHx8&ixlib=rb-1.2.1&auto=format&fit=crop&w=1352&q=80,441
https://i.ibb.co/rQD7Rqt/road-banner.png,436
https://assets.tryhackme.com/room-banners/redis.png,432
https://tryhackme-images.s3.amazonaws.com/user-uploads/5f04259cf9bf5b57aed2c476/room-content/ace5bb9cb9c1120a09d88620adb2976b.png,427
https://i.imgur.com/5lGaysK.png,426
https://tryhackme-images.s3.amazonaws.com/user-uploads/5f04259cf9bf5b57aed2c476/room-content/f4a51c1d1f46aaf3febfa41ce67cb309.png,424
https://i.imgur.com/eyf66N3.png,423
https://assets.tryhackme.com/room-banners/printerhacking101.png,422
https://assets.muirlandoracle.co.uk/thm/rooms/spring4shell/banner.png,421
https://i.imgur.com/2iH4uiK.png,420
https://assets.tryhackme.com/additional/warzone/warzone-banner.png,414
https://i.pinimg.com/originals/fd/65/ff/fd65ffab480607b6ec1eb33239e690f9.png,413
https://i.imgur.com/x2JjoHv.png,411
https://i.imgur.com/w0iocsP.png,406
https://cdn.discordapp.com/attachments/798799811482353734/817776161681178654/banner.png,391
https://assets.muirlandoracle.co.uk/thm/rooms/atlas/atlas-header.png,391
https://assets.tryhackme.com/additional/carnage/carnage-banner.png,385
https://wiki.thehacker.nz/wp-content/uploads/2021/10/pe_banner.png,381
https://assets.tryhackme.com/room-banners/lle.png,380
https://assets.muirlandoracle.co.uk/thm/rooms/yotjf/jellyfish-header.png,377
https://assets.tryhackme.com/additional/printnightmare/pm-room-banner1.png,376
https://i.imgur.com/IYYCiAQ.png,366
https://raw.githubusercontent.com/Gallopsled/pwntools/stable/docs/source/logo.png,364
https://assets.tryhackme.com/room-banners/pipelines.png,362
https://i.imgur.com/JOBQtGF.png,357
https://i.imgur.com/Rayti35.png,355
https://tryhackme-images.s3.amazonaws.com/user-uploads/5ed5961c6276df568891c3ea/room-content/86ec79178d0c8f02cdfbf389578a299a.png,355
https://i.imgur.com/b475ppm.png,349
https://pbs.twimg.com/profile_banners/2281370629/1581917395/1500x500,342
https://i.imgur.com/cOqoEZ9.png,328
https://i.imgur.com/DoHqxwV.png,324
https://assets.tryhackme.com/additional/opencti/Open%20CTI%20banner.png,324
https://assets.muirlandoracle.co.uk/thm/rooms/polkit/c1988d615891.png,319
https://i.imgur.com/GB0yqXv.png,319
https://upload.wikimedia.org/wikipedia/commons/thumb/f/fa/Microsoft_Azure.svg/1280px-Microsoft_Azure.svg.png,315
https://i.imgur.com/sE0HfDO.png,315
https://svn.apache.org/repos/asf/comdev/project-logos/originals/httpd.svg,310
https://wallpapercave.com/wp/wp1923643.jpg,308
https://tryhackme-images.s3.amazonaws.com/user-uploads/62c435d1f4d84a005f5df811/room-content/c01de60e9c66a6941ed600608a3287e9.png,299
https://assets.tryhackme.com/room-banners/DockerPrivEscRodeoBanner.png,289
https://assets.tryhackme.com/room-banners/powershellbg.png,285
https://cdn.pixabay.com/photo/2020/04/25/11/12/electrocardiogram-5090337_960_720.jpg,283
https://i.imgur.com/xgHwRVs.png,282
https://i.imgur.com/1rvK8WH.jpg,274
https://i.imgur.com/iGWyOuJ.png,274
https://i.imgur.com/5q36e1g.png,272
https://assets.tryhackme.com/additional/banners/mobsf-banner.png,271
https://assets.tryhackme.com/additional/investigation-series/investigating-windows-banner.png,268
https://i.imgur.com/GF8Xhq5.png,265
https://i.imgur.com/JjEWAGS.png,265
https://m4dr1nch.github.io/writeups/cybercrafted/assets/img/cc-banner.png,265
https://tryhackme-images.s3.amazonaws.com/user-uploads/5e8dd9a4a45e18443162feab/room-content/948b937558b234eb26469bfb19e25bd8.png,255
https://f11snipe.cloud/assets/img/b3dr0ck-banner.png,254
https://cdn.pixabay.com/photo/2018/08/26/18/45/server-3632935_960_720.jpg,252
https://i.imgur.com/G9Fz6Kl.png,251
https://i.imgur.com/uJGDcdF.png,248
https://i.imgur.com/KoKRoAE.png,247
https://tryhackme-images.s3.amazonaws.com/user-uploads/62a7685ca6e7ce005d3f3afe/room-content/73a564584deefeab7eac117e03da45f6.png,246
https://assets.muirlandoracle.co.uk/thm/rooms/hipflask/12017b349823.png,246
https://tryhackme-images.s3.amazonaws.com/user-uploads/62c435d1f4d84a005f5df811/room-content/30e28f5794b7cbcb7375159dac41c289.png,245
https://i.ibb.co/P9VN3VD/bgrnd.jpg,243
https://assets.tryhackme.com/additional/brimchallenge/brim-challenge-banner2.png,239
https://i.imgur.com/EgjVHqE.png,235
https://i.imgur.com/riFhcXC.png,232
https://i.imgur.com/aohxmGa.jpg,231
https://assets.tryhackme.com/additional/banners/sqhell_banner.jpg,230
https://upload.wikimedia.org/wikipedia/commons/thumb/d/d5/Delphi%2C_Greece_-_panoramio.jpg/1920px-Delphi%2C_Greece_-_panoramio.jpg,230
https://assets.tryhackme.com/room-banners/iosforensics.png,228
https://i.imgur.com/4AocURG.jpg,228
https://tryhackme-images.s3.amazonaws.com/user-uploads/5ed5961c6276df568891c3ea/room-content/4cd514b56e4bd14874a3d48f2da26297.png,227
/img/banners/throwback.png,226
https://i.imgur.com/iMOlNjg.jpg,224
https://assets.tryhackme.com/additional/CVE-2022-26134/room-banner-final.png,223
https://i.imgur.com/bGrhqUP.png,216
https://i.imgur.com/0cGWCRw.png,216
https://qph.fs.quoracdn.net/main-qimg-63a96d7122122543d2dca205274e4a78,211
https://miro.medium.com/max/2560/1*enCF61GFzLovMNXzAJmVNQ.png,211
https://i.imgur.com/jcPrF8H.png,208
https://images.unsplash.com/photo-1550751827-4bd374c3f58b?ixlib=rb-1.2.1&ixid=MnwxMjA3fDB8MHxwaG90by1wYWdlfHx8fGVufDB8fHx8&auto=format&fit=crop&w=1470&q=80,207
https://i.imgur.com/SRmSCVZ.png,204
https://tryhackme-images.s3.amazonaws.com/user-uploads/5ed5961c6276df568891c3ea/room-content/41559fc8aebd7533d81ac1f66d69e9c1.png,203
https://i.imgur.com/WfZdDQK.png,194
https://i.imgur.com/WjN40TW.png,194
https://i.imgur.com/8C4TXFS.jpg,194
https://assets.tryhackme.com/additional/sandbox-evasion/Sandbox%20evasion%20banner.png,193
https://github.com/jopraveen/exploit-development/raw/main/pwn101%20banner.png,188
https://www.wclaymoody.com/blog/assets/images/castle-banner.png,187
https://i.imgur.com/QgHR6AT.png,186
https://tryhackme-images.s3.amazonaws.com/user-uploads/5fb4d2969a25095e200e4b6c/room-content/524f1f04bbaf41f624d42db184594e14.png,185
https://assets.tryhackme.com/additional/banners/TheHive%20project%20banner.png,184
https://assets.tryhackme.com/additional/linuxforensics/room-banner.png,181
https://i.imgur.com/pLNt99I.png,180
https://raw.githubusercontent.com/TobjasR/annie/main/woman-6554271_w.jpg,180
https://assets.tryhackme.com/additional/banners/Digital%20forensics%20and%20incident%20response%20banner.png,179
https://tryhackme-images.s3.amazonaws.com/user-uploads/63da722f2d207d0049da10b1/room-content/d6713968f4510b8f13466039574decb6.png,178
https://images.unsplash.com/photo-1533743983669-94fa5c4338ec?ixlib=rb-1.2.1&ixid=MnwxMjA3fDB8MHxwaG90by1wYWdlfHx8fGVufDB8fHx8&auto=format&fit=crop&w=1392&q=80,177
https://assets.tryhackme.com/additional/redline101/redline-banner4.png,174
https://assets.muirlandoracle.co.uk/thm/rooms/cyberweek2021/SBRC-Background.png,174
https://assets.tryhackme.com/additional/investigation-series/investigating-windows-banner3.png,173
https://blog.apnic.net/wp-content/uploads/2019/10/ActiveDirectory_attack_banner-555x202.png?v=e8845f956b3e483ea2c96ce91004bf8e,170
https://assets.tryhackme.com/additional/conti/conti-room-banner.png,168
https://i.imgur.com/yvuFbNQ.jpeg,167
https://i.imgur.com/JiwG6Si.png,167
https://tryhackme-images.s3.amazonaws.com/user-uploads/645b19f5d5848d004ab9c9e2/room-content/3a87f46cd41d70622dcfa6b10c2a79bb.png,167
https://i.imgur.com/aOga4CU.png,165
https://tryhackme-images.s3.amazonaws.com/user-uploads/5f04259cf9bf5b57aed2c476/room-content/937369ff3aaee1d1e101fd67e00f7066.png,165
https://pbs.twimg.com/profile_banners/1696074763/1605441583/1500x500,164
https://assets.tryhackme.com/img/yoto.png,163
https://i.imgur.com/YBWVrXE.png,163
https://tryhackme-images.s3.amazonaws.com/user-uploads/60c1834f577d63004fdaec50/room-content/a255bca5c673fd86e8302d36ab4ca23e.png,161
https://i.imgur.com/yGq1mtN.jpg,159
https://cdn.pixabay.com/photo/2013/07/13/09/46/labyrinth-155972_1280.png,153
https://assets.tryhackme.com/room-banners/kubectl.jpeg,149
https://upload.wikimedia.org/wikipedia/commons/1/11/Hellenic_Parliament_from_high_above.jpg,148
https://tryhackme-images.s3.amazonaws.com/user-uploads/63da722f2d207d0049da10b1/room-content/8c5ab5c62547be1c06c33d5e9c96e129.png,147
https://i.imgur.com/fMlgco5.jpg,147
https://cdn.discordapp.com/attachments/800252815888089093/814759023782002718/20210226_125111.jpg,146
https://assets.tryhackme.com/additional/pseclipse/pseclipse-banner.png,146
https://tryhackme-images.s3.amazonaws.com/user-uploads/60c1834f577d63004fdaec50/room-content/dd9ebe7759e9a13c1c879f86699b90c4.png,143
https://tryhackme-images.s3.amazonaws.com/user-uploads/5dbea226085ab6182a2ee0f7/room-content/de8c03fc362f02d3e94103dc17a8a0bb.png,142
https://images.unsplash.com/photo-1489389944381-3471b5b30f04?ixlib=rb-1.2.1&ixid=MnwxMjA3fDB8MHxwaG90by1wYWdlfHx8fGVufDB8fHx8&auto=format&fit=crop&w=1170&q=80,141
https://tryhackme-images.s3.amazonaws.com/user-uploads/62c435d1f4d84a005f5df811/room-content/b514b04ba1f0220f04883994cfc6ea9f.png,141
https://live.staticflickr.com/3444/3381603213_6565128fd5_b.jpg,141
https://tryhackme-images.s3.amazonaws.com/user-uploads/5dbea226085ab6182a2ee0f7/room-content/407f155692f2e16814c8ae2e2151b143.png,140
https://cdn.pixabay.com/photo/2016/11/08/05/20/adventure-1807524_960_720.jpg,139
https://tryhackme-images.s3.amazonaws.com/user-uploads/5dbea226085ab6182a2ee0f7/room-content/596edd6b80bfcaf4f9bc8e70b33fe4c4.png,139
https://0cirius0.github.io/writeup/assets/img/metamorphosis/main.jpg,138
https://assets.tryhackme.com/additional/nhoa/nhoa-banner.png,136
https://i.imgur.com/dgruFj1.png,136
https://assets.tryhackme.com/additional/squidgame/squidds.png,132
https://images.unsplash.com/photo-1486312338219-ce68d2c6f44d?ixlib=rb-1.2.1&ixid=MnwxMjA3fDB8MHxwaG90by1wYWdlfHx8fGVufDB8fHx8&auto=format&fit=crop&w=1472&q=80,132
https://tryhackme-images.s3.amazonaws.com/user-uploads/62a7685ca6e7ce005d3f3afe/room-content/51fb2068fe5a798cdb18cfd3c4dfcdec.png,129
https://coingeek.com/wp-content/uploads/2019/06/binance-decides-to-block-us-users-but-gives-them-a-back-door.jpg,128
https://assets.tryhackme.com/additional/thatstheticket/banner.png,126
https://i.imgur.com/ghIbXQC.png,125
https://i.imgur.com/fc9GQpt.png,125
https://tryhackme-images.s3.amazonaws.com/user-uploads/5e8dd9a4a45e18443162feab/room-content/1249313dc81d95500d04b2468ac6fe10.png,123
http://assets.tryhackme.com/room-banners/dllhijacking.png,120
https://www.honeytokens.io/img/LumberjackTurtle.png,119
https://qlaims.com/wp-content/uploads/2017/10/drone-header.jpg,119
https://i.imgur.com/n674uAu.png,116
https://tryhackme-images.s3.amazonaws.com/user-uploads/5dbea226085ab6182a2ee0f7/room-content/435a0ddf9e3712244ff095ae3bf8f84c.png,115
https://assets.tryhackme.com/room-banners/csp.png,114
https://assets.tryhackme.com/additional/procdot/procdot-room-banner1.png,107
https://tryhackme-images.s3.amazonaws.com/user-uploads/63588b5ef586912c7d03c4f0/room-content/c62fc0b6f9d22ed2fddc718004c3d5ea.png,106
https://i.imgur.com/iHK8XGS.png,103
https://i.imgur.com/Y5kOPJB.png,102
https://i.imgur.com/XXcnchz.png,98
https://i.imgur.com/UySYgtM.png,95
https://i.imgur.com/aoogIkf.jpeg,95
https://assets.tryhackme.com/room-banners/hadoop.png,94
https://i.imgur.com/tdShn6n.png,92
https://i.imgur.com/6mPK3PT.png,92
https://i.imgur.com/kow1dpO.png,92
https://tryhackme-images.s3.amazonaws.com/user-uploads/5dbea226085ab6182a2ee0f7/room-content/afe9ab51b908e5af168f28035d81a540.png,91
https://i.imgur.com/Urohox1.jpg,86
https://assets.tryhackme.com/room-banners/misguidedghosts.png,83
https://assets.tryhackme.com/additional/printnightmare/pm-room-banner2.png,83
https://imgix.bustle.com/inverse/3e/3c/cc/21/fe5a/4918/aefb/16b5887c0c73/screen-shot-2015-06-24-at-44324-pm.png,81
https://i.postimg.cc/dVKytjXS/Inacave-Banner.png,75
"https://www.thoughtco.com/thmb/UdP9Tep2FRd3ArOFhvBG5c3xJxc=/3917x2542/filters:fill(auto,1)/temple-of-poseidon-at-sunset-in-sounio-cape-in-attica-region--greece-825555030-5a988339875db900375b9a46.jpg",74
https://i.imgur.com/1SlZ4ux.jpg,74
https://assets.tryhackme.com/room-banners/temple.jpg,70
https://i.imgur.com/Ea9uba1.png,70
https://i.imgur.com/M4EePuT.jpg,66
https://i.imgur.com/jemtUtJ.jpg,64
https://i.imgur.com/tQ1lamt.png,64
https://drive.google.com/uc?export=view&id=1E_xaRG-jL_pcqv5jx29HQdpSt8ievyME,64
https://drive.google.com/uc?export=view&id=1-_Adp14s8CLQovpwPESP-sa16RmxUYSa,63
https://cncf-branding.netlify.app/img/projects/kubernetes/horizontal/color/kubernetes-horizontal-color.svg,60
https://tryhackme-images.s3.amazonaws.com/user-uploads/63588b5ef586912c7d03c4f0/room-content/8a581efc602bef91f34d64c9be00861b.png,52
https://blog.hydrashead.net/images/posts/thm-shaker/Shaker-banner.png,45
https://i.ibb.co/xSzgvdF/wall.jpg,44
https://assets.tryhackme.com/room-banners/core-services-banner.png,7
https://assets.tryhackme.com/room-banners/iam-banner.png,6
https://assets.tryhackme.com/room-banners/serverless-banner.png,2
https://assets.tryhackme.com/room-banners/iam-priv-esc-banner.png,1
https://tryhackme-images.s3.amazonaws.com/user-uploads/62a7685ca6e7ce005d3f3afe/room-content/179cc5798fbe14fe4685f30747e6dbfc.png,0
Grand Total,567777
